,epoch,loss_train,loss_validation
0,7499,0.6999269723892212,0.6999269723892212
1,7999,0.8923128843307495,0.8923128843307495
2,8499,0.8309355974197388,0.8309355974197388
3,8999,0.7596922516822815,0.7596922516822815
4,9499,0.6247583031654358,0.6247583031654358
5,9999,0.6307895183563232,0.6307895183563232
6,10499,0.9182911515235901,0.9182911515235901
7,10999,0.7230075597763062,0.7230075597763062
8,11499,1.0696229934692383,1.0696229934692383
